/home/runner/work/Algorithms/Algorithms/;.gitignore;
/home/runner/work/Algorithms/Algorithms/;README.md;
/home/runner/work/Algorithms/Algorithms/;.gitignore;
/home/runner/work/Algorithms/Algorithms/;README.md;
/home/runner/work/Algorithms/Algorithms/;.gitignore;
/home/runner/work/Algorithms/Algorithms/;README.md;
/home/runner/work/Algorithms/Algorithms/target/;checkstyle-header.txt;
/home/runner/work/Algorithms/Algorithms/target/;checkstyle-result.xml;
/home/runner/work/Algorithms/Algorithms/target/;checkstyle-cachefile;
/home/runner/work/Algorithms/Algorithms/target/;checkstyle-header.txt;
/home/runner/work/Algorithms/Algorithms/target/;checkstyle-result.xml;
/home/runner/work/Algorithms/Algorithms/target/;checkstyle-cachefile;
