/home/runner/work/Java-WebSocket/Java-WebSocket/;.gitignore;
/home/runner/work/Java-WebSocket/Java-WebSocket/;CHANGELOG.md;
/home/runner/work/Java-WebSocket/Java-WebSocket/;LICENSE;
/home/runner/work/Java-WebSocket/Java-WebSocket/;README.markdown;
/home/runner/work/Java-WebSocket/Java-WebSocket/;build.gradle;
/home/runner/work/Java-WebSocket/Java-WebSocket/;eclipse-java-google-style.xml;
/home/runner/work/Java-WebSocket/Java-WebSocket/;intellij-java-google-style.xml;
/home/runner/work/Java-WebSocket/Java-WebSocket/;sonar-project.properties;
/home/runner/work/Java-WebSocket/Java-WebSocket/;.gitignore;
/home/runner/work/Java-WebSocket/Java-WebSocket/;CHANGELOG.md;
/home/runner/work/Java-WebSocket/Java-WebSocket/;LICENSE;
/home/runner/work/Java-WebSocket/Java-WebSocket/;README.markdown;
/home/runner/work/Java-WebSocket/Java-WebSocket/;build.gradle;
/home/runner/work/Java-WebSocket/Java-WebSocket/;eclipse-java-google-style.xml;
/home/runner/work/Java-WebSocket/Java-WebSocket/;intellij-java-google-style.xml;
/home/runner/work/Java-WebSocket/Java-WebSocket/;sonar-project.properties;
/home/runner/work/Java-WebSocket/Java-WebSocket/target/;checkstyle-suppressions.xml;
/home/runner/work/Java-WebSocket/Java-WebSocket/target/;checkstyle-cachefile;
/home/runner/work/Java-WebSocket/Java-WebSocket/target/;checkstyle-suppressions.xml;
/home/runner/work/Java-WebSocket/Java-WebSocket/target/;checkstyle-cachefile;
