/home/runner/work/mcMMO/mcMMO/;.gitattributes;
/home/runner/work/mcMMO/mcMMO/;.gitignore;
/home/runner/work/mcMMO/mcMMO/;Changelog.txt;
/home/runner/work/mcMMO/mcMMO/;Changelog_2.1.0.md;
/home/runner/work/mcMMO/mcMMO/;README.md;
/home/runner/work/mcMMO/mcMMO/;standards.md;
/home/runner/work/mcMMO/mcMMO/;.attach_pid2839;
/home/runner/work/mcMMO/mcMMO/;.gitattributes;
/home/runner/work/mcMMO/mcMMO/;.gitignore;
/home/runner/work/mcMMO/mcMMO/;Changelog.txt;
/home/runner/work/mcMMO/mcMMO/;Changelog_2.1.0.md;
/home/runner/work/mcMMO/mcMMO/;README.md;
/home/runner/work/mcMMO/mcMMO/;standards.md;
/home/runner/work/mcMMO/mcMMO/;.attach_pid2839;
/home/runner/work/mcMMO/mcMMO/target/;mcMMO-bin.zip;
/home/runner/work/mcMMO/mcMMO/target/;mcMMO-2.1.218-SNAPSHOT-shaded.jar;
/home/runner/work/mcMMO/mcMMO/;.gitattributes;
/home/runner/work/mcMMO/mcMMO/;.gitignore;
/home/runner/work/mcMMO/mcMMO/;Changelog.txt;
/home/runner/work/mcMMO/mcMMO/;Changelog_2.1.0.md;
/home/runner/work/mcMMO/mcMMO/;README.md;
/home/runner/work/mcMMO/mcMMO/;standards.md;
/home/runner/work/mcMMO/mcMMO/;.attach_pid2839;
