/home/runner/work/open-location-code/open-location-code/go/;README.md;
/home/runner/work/open-location-code/open-location-code/go/;go.sum;
/home/runner/work/open-location-code/open-location-code/go/;README.md;
/home/runner/work/open-location-code/open-location-code/go/;go.sum;
/home/runner/work/open-location-code/open-location-code/go/;README.md;
/home/runner/work/open-location-code/open-location-code/go/;go.sum;
/home/runner/work/open-location-code/open-location-code/go/;README.md;
/home/runner/work/open-location-code/open-location-code/go/;go.sum;
/home/runner/work/open-location-code/open-location-code/go/;README.md;
/home/runner/work/open-location-code/open-location-code/go/;go.sum;
/home/runner/work/open-location-code/open-location-code/go/;README.md;
/home/runner/work/open-location-code/open-location-code/go/;go.sum;
/home/runner/work/open-location-code/open-location-code/go/;README.md;
/home/runner/work/open-location-code/open-location-code/go/;go.sum;
