/home/runner/work/open-location-code/open-location-code/;.gitignore;
/home/runner/work/open-location-code/open-location-code/;API.txt;
/home/runner/work/open-location-code/open-location-code/;CHANGELOG.md;
/home/runner/work/open-location-code/open-location-code/;CONTRIBUTING.md;
/home/runner/work/open-location-code/open-location-code/;FAQ.txt;
/home/runner/work/open-location-code/open-location-code/;LICENSE;
/home/runner/work/open-location-code/open-location-code/;README.md;
/home/runner/work/open-location-code/open-location-code/;TESTING.md;
/home/runner/work/open-location-code/open-location-code/;package.json;
/home/runner/work/open-location-code/open-location-code/;bazel-bin;
/home/runner/work/open-location-code/open-location-code/;bazel-testlogs;
/home/runner/work/open-location-code/open-location-code/;bazel-out;
/home/runner/work/open-location-code/open-location-code/;bazel-open-location-code;
/home/runner/work/open-location-code/open-location-code/;.gitignore;
/home/runner/work/open-location-code/open-location-code/;API.txt;
/home/runner/work/open-location-code/open-location-code/;CHANGELOG.md;
/home/runner/work/open-location-code/open-location-code/;CONTRIBUTING.md;
/home/runner/work/open-location-code/open-location-code/;FAQ.txt;
/home/runner/work/open-location-code/open-location-code/;LICENSE;
/home/runner/work/open-location-code/open-location-code/;README.md;
/home/runner/work/open-location-code/open-location-code/;TESTING.md;
/home/runner/work/open-location-code/open-location-code/;package.json;
/home/runner/work/open-location-code/open-location-code/;bazel-bin;
/home/runner/work/open-location-code/open-location-code/;bazel-testlogs;
/home/runner/work/open-location-code/open-location-code/;bazel-out;
/home/runner/work/open-location-code/open-location-code/;bazel-open-location-code;
/home/runner/work/open-location-code/open-location-code/java/;README.md;
/home/runner/work/open-location-code/open-location-code/java/;README.md;
/home/runner/work/open-location-code/open-location-code/test_data/;csv_to_json.go;
/home/runner/work/open-location-code/open-location-code/test_data/;csv_to_json.go;
/home/runner/work/open-location-code/open-location-code/test_data/;csv_to_json.go;
/home/runner/work/open-location-code/open-location-code/test_data/;csv_to_json.go;
/home/runner/work/open-location-code/open-location-code/java/target/;openlocationcode-1.0.4.jar;
/home/runner/work/open-location-code/open-location-code/java/target/;openlocationcode-1.0.4-sources.jar;
/home/runner/work/open-location-code/open-location-code/java/target/;openlocationcode-1.0.4-javadoc.jar;
/home/runner/work/open-location-code/open-location-code/java/target/;openlocationcode-1.0.4.jar;
/home/runner/work/open-location-code/open-location-code/java/target/;openlocationcode-1.0.4-sources.jar;
/home/runner/work/open-location-code/open-location-code/java/target/;openlocationcode-1.0.4-javadoc.jar;
/home/runner/work/open-location-code/open-location-code/java/target/javadoc-bundle-options/;javadoc-options-javadoc-resources.xml;
