;.rustc_info.json;
debug/.fingerprint/version_check-38471291dfe421aa/;lib-version_check;
debug/.fingerprint/version_check-38471291dfe421aa/;dep-lib-version_check;
debug/.fingerprint/typenum-f9ec9c7af3818811/;dep-build-script-build-script-main;
debug/.fingerprint/typenum-f9ec9c7af3818811/;build-script-build-script-main;
debug/.fingerprint/typenum-ef26e6608003a101/;run-build-script-build-script-main;
debug/.fingerprint/typenum-b5da5fcc36dcb451/;lib-typenum;
debug/.fingerprint/typenum-b5da5fcc36dcb451/;dep-lib-typenum;
debug/.fingerprint/stable_deref_trait-8c9ae1e5bcff8af7/;lib-stable_deref_trait;
debug/.fingerprint/stable_deref_trait-8c9ae1e5bcff8af7/;dep-lib-stable_deref_trait;
debug/.fingerprint/smallvec-17cf89289eb1f686/;lib-smallvec;
debug/.fingerprint/smallvec-17cf89289eb1f686/;dep-lib-smallvec;
debug/.fingerprint/rstar-d71ebc07b69b0887/;lib-rstar;
debug/.fingerprint/rstar-d71ebc07b69b0887/;dep-lib-rstar;
debug/.fingerprint/robust-c185ed5ecd83898b/;lib-robust;
debug/.fingerprint/robust-c185ed5ecd83898b/;dep-lib-robust;
debug/.fingerprint/pdqselect-c32b45f472b3884a/;lib-pdqselect;
debug/.fingerprint/pdqselect-c32b45f472b3884a/;dep-lib-pdqselect;
debug/.fingerprint/open-location-code-fc6328880bd4cace/;lib-open-location-code;
debug/.fingerprint/open-location-code-fc6328880bd4cace/;dep-lib-open-location-code;
debug/.fingerprint/open-location-code-d5de952bb00397c9/;dep-test-integration-test-all_test;
debug/.fingerprint/open-location-code-cfdf56419c940213/;dep-test-integration-test-csv_reader;
debug/.fingerprint/open-location-code-72b05b4c01701bfa/;dep-test-lib-open-location-code;
debug/.fingerprint/num-traits-c76e777a67a99eb1/;lib-num-traits;
debug/.fingerprint/num-traits-c76e777a67a99eb1/;dep-lib-num-traits;
debug/.fingerprint/num-traits-8cd33497cc776963/;dep-build-script-build-script-build;
debug/.fingerprint/num-traits-8cd33497cc776963/;build-script-build-script-build;
debug/.fingerprint/num-traits-42d58891e87b235a/;run-build-script-build-script-build;
debug/.fingerprint/lazy_static-15fbb9ea8a1e9a48/;lib-lazy_static;
debug/.fingerprint/lazy_static-15fbb9ea8a1e9a48/;dep-lib-lazy_static;
debug/.fingerprint/ieee754-e59d0e64068766fa/;lib-ieee754;
debug/.fingerprint/ieee754-e59d0e64068766fa/;dep-lib-ieee754;
debug/.fingerprint/heapless-cfe0c7e2b693af71/;lib-heapless;
debug/.fingerprint/heapless-cfe0c7e2b693af71/;dep-lib-heapless;
debug/.fingerprint/heapless-7870c647082055c8/;run-build-script-build-script-build;
debug/.fingerprint/heapless-4e12b789c26b8117/;dep-build-script-build-script-build;
debug/.fingerprint/heapless-4e12b789c26b8117/;build-script-build-script-build;
debug/.fingerprint/hash32-afc160530a96391c/;lib-hash32;
debug/.fingerprint/hash32-afc160530a96391c/;dep-lib-hash32;
debug/.fingerprint/geo-types-3038c2539daf3459/;lib-geo-types;
debug/.fingerprint/geo-types-3038c2539daf3459/;dep-lib-geo-types;
debug/.fingerprint/geographiclib-rs-febb18b5ce2b0937/;lib-geographiclib-rs;
debug/.fingerprint/geographiclib-rs-febb18b5ce2b0937/;dep-lib-geographiclib-rs;
debug/.fingerprint/geo-33a56c247eac34be/;lib-geo;
debug/.fingerprint/geo-33a56c247eac34be/;dep-lib-geo;
debug/.fingerprint/generic-array-d0be5dfe814ff609/;lib-generic_array;
debug/.fingerprint/generic-array-d0be5dfe814ff609/;dep-lib-generic_array;
debug/.fingerprint/generic-array-b7175d269f2ce3fc/;lib-generic_array;
debug/.fingerprint/generic-array-b7175d269f2ce3fc/;dep-lib-generic_array;
debug/.fingerprint/generic-array-b33d891e559b00c5/;lib-generic_array;
debug/.fingerprint/generic-array-b33d891e559b00c5/;dep-lib-generic_array;
debug/.fingerprint/generic-array-668a7ce7bae39c10/;dep-build-script-build-script-build;
debug/.fingerprint/generic-array-668a7ce7bae39c10/;build-script-build-script-build;
debug/.fingerprint/generic-array-00a57d3ec28faa61/;run-build-script-build-script-build;
debug/.fingerprint/cfg-if-7c8939aed7ae2b7e/;lib-cfg-if;
debug/.fingerprint/cfg-if-7c8939aed7ae2b7e/;dep-lib-cfg-if;
debug/.fingerprint/byteorder-7ee30f24b4befdf2/;lib-byteorder;
debug/.fingerprint/byteorder-7ee30f24b4befdf2/;dep-lib-byteorder;
debug/.fingerprint/autocfg-3436b6fd0a22f530/;lib-autocfg;
debug/.fingerprint/autocfg-3436b6fd0a22f530/;dep-lib-autocfg;
debug/.fingerprint/as-slice-de8ccd8c40f438bb/;lib-as-slice;
debug/.fingerprint/as-slice-de8ccd8c40f438bb/;dep-lib-as-slice;
debug/.fingerprint/approx-ba096c63ae072196/;lib-approx;
debug/.fingerprint/approx-ba096c63ae072196/;dep-lib-approx;
debug/.fingerprint/accurate-23247d649bfbce9d/;lib-accurate;
debug/.fingerprint/accurate-23247d649bfbce9d/;dep-lib-accurate;
debug/deps/;version_check-38471291dfe421aa.d;
debug/deps/;typenum-b5da5fcc36dcb451.typenum.e34e9739-cgu.4.rcgu.o;
debug/deps/;typenum-b5da5fcc36dcb451.typenum.e34e9739-cgu.3.rcgu.o;
debug/deps/;typenum-b5da5fcc36dcb451.typenum.e34e9739-cgu.2.rcgu.o;
debug/deps/;typenum-b5da5fcc36dcb451.typenum.e34e9739-cgu.1.rcgu.o;
debug/deps/;typenum-b5da5fcc36dcb451.typenum.e34e9739-cgu.0.rcgu.o;
debug/deps/;typenum-b5da5fcc36dcb451.d;
debug/deps/;stable_deref_trait-8c9ae1e5bcff8af7.stable_deref_trait.fc13d03e-cgu.0.rcgu.o;
debug/deps/;stable_deref_trait-8c9ae1e5bcff8af7.d;
debug/deps/;smallvec-17cf89289eb1f686.smallvec.3ff17a1e-cgu.3.rcgu.o;
debug/deps/;smallvec-17cf89289eb1f686.smallvec.3ff17a1e-cgu.0.rcgu.o;
debug/deps/;smallvec-17cf89289eb1f686.d;
debug/deps/;rstar-d71ebc07b69b0887.rstar.5140c9f3-cgu.0.rcgu.o;
debug/deps/;rstar-d71ebc07b69b0887.d;
debug/deps/;robust-c185ed5ecd83898b.robust.33c3580b-cgu.9.rcgu.o;
debug/deps/;robust-c185ed5ecd83898b.robust.33c3580b-cgu.8.rcgu.o;
debug/deps/;robust-c185ed5ecd83898b.robust.33c3580b-cgu.6.rcgu.o;
debug/deps/;robust-c185ed5ecd83898b.robust.33c3580b-cgu.3.rcgu.o;
debug/deps/;robust-c185ed5ecd83898b.robust.33c3580b-cgu.2.rcgu.o;
debug/deps/;robust-c185ed5ecd83898b.d;
debug/deps/;rand_core-8cfbdfcdddc75742.rand_core.df7cedbc-cgu.9.rcgu.o;
debug/deps/;rand_core-8cfbdfcdddc75742.rand_core.df7cedbc-cgu.14.rcgu.o;
debug/deps/;rand_core-8cfbdfcdddc75742.rand_core.df7cedbc-cgu.13.rcgu.o;
debug/deps/;rand_core-8cfbdfcdddc75742.rand_core.df7cedbc-cgu.11.rcgu.o;
debug/deps/;rand_core-8cfbdfcdddc75742.rand_core.df7cedbc-cgu.10.rcgu.o;
debug/deps/;rand_core-8cfbdfcdddc75742.d;
debug/deps/;rand_chacha-ce35be899e737b8a.rand_chacha.8723b4ec-cgu.5.rcgu.o;
debug/deps/;rand_chacha-ce35be899e737b8a.rand_chacha.8723b4ec-cgu.14.rcgu.o;
debug/deps/;rand_chacha-ce35be899e737b8a.d;
debug/deps/;rand-9c7fcf6c499e19b4.d;
debug/deps/;ppv_lite86-4d1a2f8b9441d6a6.ppv_lite86.f2bd304d-cgu.0.rcgu.o;
debug/deps/;ppv_lite86-4d1a2f8b9441d6a6.d;
debug/deps/;pdqselect-c32b45f472b3884a.pdqselect.93c5f570-cgu.0.rcgu.o;
debug/deps/;pdqselect-c32b45f472b3884a.d;
debug/deps/;open_location_code-fc6328880bd4cace.o0ors2z9j0q8cey.rcgu.o;
debug/deps/;open_location_code-fc6328880bd4cace.he7py9d8x41vm7w.rcgu.o;
debug/deps/;open_location_code-fc6328880bd4cace.d;
debug/deps/;open_location_code-fc6328880bd4cace.cd3npuknkpqwkxd.rcgu.o;
debug/deps/;open_location_code-fc6328880bd4cace.5rb0xyfkn2dpb8b.rcgu.o;
debug/deps/;open_location_code-fc6328880bd4cace.5eg948oxif27la8h.rcgu.o;
debug/deps/;open_location_code-fc6328880bd4cace.53p3rz14uwzh1mng.rcgu.o;
debug/deps/;open_location_code-fc6328880bd4cace.52gpbqyx95a083mq.rcgu.o;
debug/deps/;open_location_code-fc6328880bd4cace.4xp10tb3hiym9t9m.rcgu.o;
debug/deps/;open_location_code-fc6328880bd4cace.4wibcfrhg697rnqi.rcgu.o;
debug/deps/;open_location_code-fc6328880bd4cace.4wf6nxsnl9p0yngo.rcgu.o;
debug/deps/;open_location_code-fc6328880bd4cace.4rfx8izrqjud42y1.rcgu.o;
debug/deps/;open_location_code-fc6328880bd4cace.4kthc0mt2zq9dpmn.rcgu.o;
debug/deps/;open_location_code-fc6328880bd4cace.4kc6pm5mamm6n8m6.rcgu.o;
debug/deps/;open_location_code-fc6328880bd4cace.4ivm6x1ylavihnz2.rcgu.o;
debug/deps/;open_location_code-fc6328880bd4cace.4i73etvyqr6i84yi.rcgu.o;
debug/deps/;open_location_code-fc6328880bd4cace.4g0jqc44ryxhabzg.rcgu.o;
debug/deps/;open_location_code-fc6328880bd4cace.45rmqh5hpxjyv7t5.rcgu.o;
debug/deps/;open_location_code-fc6328880bd4cace.3ejkzf73ufi700e4.rcgu.o;
debug/deps/;open_location_code-fc6328880bd4cace.3efmsrserg2beehe.rcgu.o;
debug/deps/;open_location_code-fc6328880bd4cace.34wk66f3ghwc62r6.rcgu.o;
debug/deps/;open_location_code-fc6328880bd4cace.32qykxrr176n4lx9.rcgu.o;
debug/deps/;open_location_code-fc6328880bd4cace.2yuloup58ntgr8de.rcgu.o;
debug/deps/;open_location_code-fc6328880bd4cace.2uh89vb29f3vpvbd.rcgu.o;
debug/deps/;open_location_code-fc6328880bd4cace.2u4y8a3hukmpeqmd.rcgu.o;
debug/deps/;open_location_code-fc6328880bd4cace.2m1lfk5fg8nh7zx9.rcgu.o;
debug/deps/;open_location_code-fc6328880bd4cace.2a3q9elvlqlfbrnb.rcgu.o;
debug/deps/;open_location_code-fc6328880bd4cace.278epmpzi4ps1x2e.rcgu.o;
debug/deps/;open_location_code-fc6328880bd4cace.24cfdh6i4pgxxb9.rcgu.o;
debug/deps/;open_location_code-fc6328880bd4cace.1zq8aoclruz2aytj.rcgu.o;
debug/deps/;open_location_code-fc6328880bd4cace.1up92rmk274z8uxh.rcgu.o;
debug/deps/;open_location_code-fc6328880bd4cace.1pwqc22ymsbm3d30.rcgu.o;
debug/deps/;open_location_code-fc6328880bd4cace.1mwg1c6het9p102d.rcgu.o;
debug/deps/;open_location_code-fc6328880bd4cace.15duil7c2mp5xrs8.rcgu.o;
debug/deps/;open_location_code-fc6328880bd4cace.12bjjwhoe594bxdi.rcgu.o;
debug/deps/;open_location_code-72b05b4c01701bfa.ud9n3c9h9oy57xf.rcgu.o;
debug/deps/;open_location_code-72b05b4c01701bfa.d;
debug/deps/;open_location_code-72b05b4c01701bfa.8gj6pojo1hmxxdx.rcgu.o;
debug/deps/;open_location_code-72b05b4c01701bfa.3gk095orwkz6x4zf.rcgu.o;
debug/deps/;open_location_code-72b05b4c01701bfa.2vffb2hsx1m4j669.rcgu.o;
debug/deps/;open_location_code-72b05b4c01701bfa.224jxj3583jgpypd.rcgu.o;
debug/deps/;open_location_code-72b05b4c01701bfa.1633978j1hauruv6.rcgu.o;
debug/deps/;open_location_code-72b05b4c01701bfa;
debug/deps/;num_traits-c76e777a67a99eb1.num_traits.7ffa5cee-cgu.9.rcgu.o;
debug/deps/;num_traits-c76e777a67a99eb1.num_traits.7ffa5cee-cgu.1.rcgu.o;
debug/deps/;num_traits-c76e777a67a99eb1.num_traits.7ffa5cee-cgu.13.rcgu.o;
debug/deps/;num_traits-c76e777a67a99eb1.num_traits.7ffa5cee-cgu.11.rcgu.o;
debug/deps/;num_traits-c76e777a67a99eb1.num_traits.7ffa5cee-cgu.10.rcgu.o;
debug/deps/;num_traits-c76e777a67a99eb1.d;
debug/deps/;libc-afde1a650d3be644.libc.99da8726-cgu.9.rcgu.o;
debug/deps/;libc-afde1a650d3be644.libc.99da8726-cgu.8.rcgu.o;
debug/deps/;libc-afde1a650d3be644.libc.99da8726-cgu.6.rcgu.o;
debug/deps/;libc-afde1a650d3be644.libc.99da8726-cgu.5.rcgu.o;
debug/deps/;libc-afde1a650d3be644.libc.99da8726-cgu.4.rcgu.o;
debug/deps/;libc-afde1a650d3be644.libc.99da8726-cgu.11.rcgu.o;
debug/deps/;libc-afde1a650d3be644.libc.99da8726-cgu.0.rcgu.o;
debug/deps/;libc-afde1a650d3be644.d;
debug/deps/;lazy_static-15fbb9ea8a1e9a48.lazy_static.4fa481ee-cgu.0.rcgu.o;
debug/deps/;lazy_static-15fbb9ea8a1e9a48.d;
debug/deps/;ieee754-e59d0e64068766fa.ieee754.36c22d63-cgu.0.rcgu.o;
debug/deps/;ieee754-e59d0e64068766fa.d;
debug/deps/;heapless-cfe0c7e2b693af71.heapless.2415992b-cgu.7.rcgu.o;
debug/deps/;heapless-cfe0c7e2b693af71.heapless.2415992b-cgu.6.rcgu.o;
debug/deps/;heapless-cfe0c7e2b693af71.heapless.2415992b-cgu.5.rcgu.o;
debug/deps/;heapless-cfe0c7e2b693af71.heapless.2415992b-cgu.4.rcgu.o;
debug/deps/;heapless-cfe0c7e2b693af71.heapless.2415992b-cgu.3.rcgu.o;
debug/deps/;heapless-cfe0c7e2b693af71.heapless.2415992b-cgu.2.rcgu.o;
debug/deps/;heapless-cfe0c7e2b693af71.heapless.2415992b-cgu.1.rcgu.o;
debug/deps/;heapless-cfe0c7e2b693af71.heapless.2415992b-cgu.0.rcgu.o;
debug/deps/;heapless-cfe0c7e2b693af71.d;
debug/deps/;hash32-afc160530a96391c.hash32.c983154a-cgu.9.rcgu.o;
debug/deps/;hash32-afc160530a96391c.hash32.c983154a-cgu.8.rcgu.o;
debug/deps/;hash32-afc160530a96391c.hash32.c983154a-cgu.7.rcgu.o;
debug/deps/;hash32-afc160530a96391c.hash32.c983154a-cgu.6.rcgu.o;
debug/deps/;hash32-afc160530a96391c.hash32.c983154a-cgu.5.rcgu.o;
debug/deps/;hash32-afc160530a96391c.hash32.c983154a-cgu.4.rcgu.o;
debug/deps/;hash32-afc160530a96391c.hash32.c983154a-cgu.3.rcgu.o;
debug/deps/;hash32-afc160530a96391c.hash32.c983154a-cgu.1.rcgu.o;
debug/deps/;hash32-afc160530a96391c.hash32.c983154a-cgu.13.rcgu.o;
debug/deps/;hash32-afc160530a96391c.hash32.c983154a-cgu.12.rcgu.o;
debug/deps/;hash32-afc160530a96391c.hash32.c983154a-cgu.11.rcgu.o;
debug/deps/;hash32-afc160530a96391c.hash32.c983154a-cgu.10.rcgu.o;
debug/deps/;hash32-afc160530a96391c.hash32.c983154a-cgu.0.rcgu.o;
debug/deps/;hash32-afc160530a96391c.d;
debug/deps/;getrandom-b712394c21d1faac.getrandom.22f38119-cgu.9.rcgu.o;
debug/deps/;getrandom-b712394c21d1faac.getrandom.22f38119-cgu.6.rcgu.o;
debug/deps/;getrandom-b712394c21d1faac.getrandom.22f38119-cgu.2.rcgu.o;
debug/deps/;getrandom-b712394c21d1faac.getrandom.22f38119-cgu.13.rcgu.o;
debug/deps/;getrandom-b712394c21d1faac.getrandom.22f38119-cgu.11.rcgu.o;
debug/deps/;getrandom-b712394c21d1faac.getrandom.22f38119-cgu.10.rcgu.o;
debug/deps/;getrandom-b712394c21d1faac.d;
debug/deps/;geo_types-3038c2539daf3459.geo_types.8d6e8613-cgu.3.rcgu.o;
debug/deps/;geo_types-3038c2539daf3459.geo_types.8d6e8613-cgu.2.rcgu.o;
debug/deps/;geo_types-3038c2539daf3459.geo_types.8d6e8613-cgu.1.rcgu.o;
debug/deps/;geo_types-3038c2539daf3459.geo_types.8d6e8613-cgu.0.rcgu.o;
debug/deps/;geo_types-3038c2539daf3459.d;
debug/deps/;geographiclib_rs-febb18b5ce2b0937.geographiclib_rs.cf7f58de-cgu.14.rcgu.o;
debug/deps/;geographiclib_rs-febb18b5ce2b0937.d;
debug/deps/;geo-33a56c247eac34be.geo.d6595cf7-cgu.7.rcgu.o;
debug/deps/;geo-33a56c247eac34be.geo.d6595cf7-cgu.5.rcgu.o;
debug/deps/;geo-33a56c247eac34be.geo.d6595cf7-cgu.4.rcgu.o;
debug/deps/;geo-33a56c247eac34be.geo.d6595cf7-cgu.2.rcgu.o;
debug/deps/;geo-33a56c247eac34be.geo.d6595cf7-cgu.14.rcgu.o;
debug/deps/;geo-33a56c247eac34be.geo.d6595cf7-cgu.13.rcgu.o;
debug/deps/;geo-33a56c247eac34be.geo.d6595cf7-cgu.12.rcgu.o;
debug/deps/;geo-33a56c247eac34be.geo.d6595cf7-cgu.11.rcgu.o;
debug/deps/;geo-33a56c247eac34be.geo.d6595cf7-cgu.10.rcgu.o;
debug/deps/;geo-33a56c247eac34be.d;
debug/deps/;generic_array-d0be5dfe814ff609.generic_array.804ddb2e-cgu.2.rcgu.o;
debug/deps/;generic_array-d0be5dfe814ff609.generic_array.804ddb2e-cgu.1.rcgu.o;
debug/deps/;generic_array-d0be5dfe814ff609.generic_array.804ddb2e-cgu.0.rcgu.o;
debug/deps/;generic_array-d0be5dfe814ff609.d;
debug/deps/;generic_array-b7175d269f2ce3fc.generic_array.0f899a19-cgu.2.rcgu.o;
debug/deps/;generic_array-b7175d269f2ce3fc.generic_array.0f899a19-cgu.1.rcgu.o;
debug/deps/;generic_array-b7175d269f2ce3fc.generic_array.0f899a19-cgu.0.rcgu.o;
debug/deps/;generic_array-b7175d269f2ce3fc.d;
debug/deps/;generic_array-b33d891e559b00c5.generic_array.fd9a2834-cgu.2.rcgu.o;
debug/deps/;generic_array-b33d891e559b00c5.generic_array.fd9a2834-cgu.1.rcgu.o;
debug/deps/;generic_array-b33d891e559b00c5.generic_array.fd9a2834-cgu.0.rcgu.o;
debug/deps/;generic_array-b33d891e559b00c5.d;
debug/deps/;csv_reader-cfdf56419c940213.h9d1gbbryt6osuq.rcgu.o;
debug/deps/;csv_reader-cfdf56419c940213.d;
debug/deps/;csv_reader-cfdf56419c940213.4aoor7mhi7lxgvr7.rcgu.o;
debug/deps/;csv_reader-cfdf56419c940213.40p1jmthuqppkdsh.rcgu.o;
debug/deps/;csv_reader-cfdf56419c940213.2vqye8benria0wjy.rcgu.o;
debug/deps/;csv_reader-cfdf56419c940213.2f59vfcr9gn84tnj.rcgu.o;
debug/deps/;csv_reader-cfdf56419c940213.1r34x99pqqypvj2k.rcgu.o;
debug/deps/;csv_reader-cfdf56419c940213;
debug/deps/;cfg_if-7c8939aed7ae2b7e.d;
debug/deps/;cfg_if-7c8939aed7ae2b7e.cfg_if.f3752a9c-cgu.0.rcgu.o;
debug/deps/;byteorder-7ee30f24b4befdf2.d;
debug/deps/;byteorder-7ee30f24b4befdf2.byteorder.1b831799-cgu.0.rcgu.o;
debug/deps/;autocfg-3436b6fd0a22f530.d;
debug/deps/;as_slice-de8ccd8c40f438bb.d;
debug/deps/;as_slice-de8ccd8c40f438bb.as_slice.4a270227-cgu.0.rcgu.o;
debug/deps/;approx-ba096c63ae072196.d;
debug/deps/;approx-ba096c63ae072196.approx.219fb46b-cgu.0.rcgu.o;
debug/deps/;all_test-d5de952bb00397c9.zvquv4783yz190p.rcgu.o;
debug/deps/;all_test-d5de952bb00397c9.y6lio42e6g1wvsr.rcgu.o;
debug/deps/;all_test-d5de952bb00397c9.wo09vkc2s1t8u55.rcgu.o;
debug/deps/;all_test-d5de952bb00397c9.swxvmod2lxp4nqo.rcgu.o;
debug/deps/;all_test-d5de952bb00397c9.sao2ka4gqn8vvk5.rcgu.o;
debug/deps/;all_test-d5de952bb00397c9.r18m9ewgn2rv0j5.rcgu.o;
debug/deps/;all_test-d5de952bb00397c9.peap4f1influeba.rcgu.o;
debug/deps/;all_test-d5de952bb00397c9.n9y7v3o33mq1eli.rcgu.o;
debug/deps/;all_test-d5de952bb00397c9.lhf4y3c8v3905os.rcgu.o;
debug/deps/;all_test-d5de952bb00397c9.kz3z027s77qybi5.rcgu.o;
debug/deps/;all_test-d5de952bb00397c9.dvvjhdby5x9yoc2.rcgu.o;
debug/deps/;all_test-d5de952bb00397c9.dihwqq4t9kzn9he.rcgu.o;
debug/deps/;all_test-d5de952bb00397c9.d;
debug/deps/;all_test-d5de952bb00397c9.bgdo7autc8i01o3.rcgu.o;
debug/deps/;all_test-d5de952bb00397c9.aearngqr6dghf0x.rcgu.o;
debug/deps/;all_test-d5de952bb00397c9.9yscm6yimx66ycj.rcgu.o;
debug/deps/;all_test-d5de952bb00397c9.9y33h1hihp1qs1w.rcgu.o;
debug/deps/;all_test-d5de952bb00397c9.5eijnkl103mff4ap.rcgu.o;
debug/deps/;all_test-d5de952bb00397c9.5e5flr48y6plth41.rcgu.o;
debug/deps/;all_test-d5de952bb00397c9.5540wry32okmnf7o.rcgu.o;
debug/deps/;all_test-d5de952bb00397c9.50kp7wikwjb1vfym.rcgu.o;
debug/deps/;all_test-d5de952bb00397c9.4te8aeggkt08u5wj.rcgu.o;
debug/deps/;all_test-d5de952bb00397c9.4te50yj1swvpb4d5.rcgu.o;
debug/deps/;all_test-d5de952bb00397c9.4n338ibjsuj7rxt7.rcgu.o;
debug/deps/;all_test-d5de952bb00397c9.4al5512dnkrj6o0k.rcgu.o;
debug/deps/;all_test-d5de952bb00397c9.4a3ftbtiefnhs75v.rcgu.o;
debug/deps/;all_test-d5de952bb00397c9.45xsik6vuujobcwp.rcgu.o;
debug/deps/;all_test-d5de952bb00397c9.45hnpivcng0kkfi.rcgu.o;
debug/deps/;all_test-d5de952bb00397c9.3y1kfu9rt76ykp1s.rcgu.o;
debug/deps/;all_test-d5de952bb00397c9.3tzif5ahxlmkepnv.rcgu.o;
debug/deps/;all_test-d5de952bb00397c9.3svroryovkcjya07.rcgu.o;
debug/deps/;all_test-d5de952bb00397c9.3ma0o89snva9ztci.rcgu.o;
debug/deps/;all_test-d5de952bb00397c9.3ay0j0sgvny87lv3.rcgu.o;
debug/deps/;all_test-d5de952bb00397c9.39a4nl90thjkddap.rcgu.o;
debug/deps/;all_test-d5de952bb00397c9.36oyv8b4brgfzo2l.rcgu.o;
debug/deps/;all_test-d5de952bb00397c9.32zkadfoll3y4efi.rcgu.o;
debug/deps/;all_test-d5de952bb00397c9.31wc2k2tvz02ovd2.rcgu.o;
debug/deps/;all_test-d5de952bb00397c9.30ju4uky3wno0gsd.rcgu.o;
debug/deps/;all_test-d5de952bb00397c9.2zgx7upj0rnylizt.rcgu.o;
debug/deps/;all_test-d5de952bb00397c9.2u7ygfx9a1aa4b85.rcgu.o;
debug/deps/;all_test-d5de952bb00397c9.2oj5fsistq4kxcc5.rcgu.o;
debug/deps/;all_test-d5de952bb00397c9.2o4kny51ixyfi7ab.rcgu.o;
debug/deps/;all_test-d5de952bb00397c9.2nza7vr3cmlkn9xh.rcgu.o;
debug/deps/;all_test-d5de952bb00397c9.2llx2p9jnyhmi0a4.rcgu.o;
debug/deps/;all_test-d5de952bb00397c9.2kgfw31tgwwlnpqs.rcgu.o;
debug/deps/;all_test-d5de952bb00397c9.29z5se3ik0t5k331.rcgu.o;
debug/deps/;all_test-d5de952bb00397c9.28yydvjh709ops5w.rcgu.o;
debug/deps/;all_test-d5de952bb00397c9.21ysr7mrf7hk2jup.rcgu.o;
debug/deps/;all_test-d5de952bb00397c9.1yjyrxo8t2dmq4j1.rcgu.o;
debug/deps/;all_test-d5de952bb00397c9.1vd37v8vxv3a3kb7.rcgu.o;
debug/deps/;all_test-d5de952bb00397c9.1ubnoi4jfbw9mbnv.rcgu.o;
debug/deps/;all_test-d5de952bb00397c9.1u3n1ez5hgmk16hl.rcgu.o;
debug/deps/;all_test-d5de952bb00397c9.1twsx9zu57lah09g.rcgu.o;
debug/deps/;all_test-d5de952bb00397c9.1meos7wxwdwshl47.rcgu.o;
debug/deps/;all_test-d5de952bb00397c9.1hmb2w8h7d4w02ii.rcgu.o;
debug/deps/;all_test-d5de952bb00397c9.1f8jvy6xyypt9afn.rcgu.o;
debug/deps/;all_test-d5de952bb00397c9.1d4xtkbun3ny6t5.rcgu.o;
debug/deps/;all_test-d5de952bb00397c9.1brv01plm01lt76i.rcgu.o;
debug/deps/;all_test-d5de952bb00397c9.19w1uk9oj0jw5v4c.rcgu.o;
debug/deps/;all_test-d5de952bb00397c9.16y6wyp60hegxkg3.rcgu.o;
debug/deps/;all_test-d5de952bb00397c9.13fs17mrzrcfdo1s.rcgu.o;
debug/deps/;all_test-d5de952bb00397c9;
debug/deps/;accurate-23247d649bfbce9d.d;
debug/deps/;accurate-23247d649bfbce9d.accurate.f37dfd8e-cgu.0.rcgu.o;
debug/build/typenum-f9ec9c7af3818811/;build_script_main-f9ec9c7af3818811.d;
debug/build/typenum-f9ec9c7af3818811/;build_script_main-f9ec9c7af3818811.build_script_main.b4e19dda-cgu.9.rcgu.o;
debug/build/typenum-f9ec9c7af3818811/;build_script_main-f9ec9c7af3818811.build_script_main.b4e19dda-cgu.8.rcgu.o;
debug/build/typenum-f9ec9c7af3818811/;build_script_main-f9ec9c7af3818811.build_script_main.b4e19dda-cgu.7.rcgu.o;
debug/build/typenum-f9ec9c7af3818811/;build_script_main-f9ec9c7af3818811.build_script_main.b4e19dda-cgu.6.rcgu.o;
debug/build/typenum-f9ec9c7af3818811/;build_script_main-f9ec9c7af3818811.build_script_main.b4e19dda-cgu.5.rcgu.o;
debug/build/typenum-f9ec9c7af3818811/;build_script_main-f9ec9c7af3818811.build_script_main.b4e19dda-cgu.4.rcgu.o;
debug/build/typenum-f9ec9c7af3818811/;build_script_main-f9ec9c7af3818811.build_script_main.b4e19dda-cgu.3.rcgu.o;
debug/build/typenum-f9ec9c7af3818811/;build_script_main-f9ec9c7af3818811.build_script_main.b4e19dda-cgu.2.rcgu.o;
debug/build/typenum-f9ec9c7af3818811/;build_script_main-f9ec9c7af3818811.build_script_main.b4e19dda-cgu.1.rcgu.o;
debug/build/typenum-f9ec9c7af3818811/;build_script_main-f9ec9c7af3818811.build_script_main.b4e19dda-cgu.15.rcgu.o;
debug/build/typenum-f9ec9c7af3818811/;build_script_main-f9ec9c7af3818811.build_script_main.b4e19dda-cgu.14.rcgu.o;
debug/build/typenum-f9ec9c7af3818811/;build_script_main-f9ec9c7af3818811.build_script_main.b4e19dda-cgu.13.rcgu.o;
debug/build/typenum-f9ec9c7af3818811/;build_script_main-f9ec9c7af3818811.build_script_main.b4e19dda-cgu.12.rcgu.o;
debug/build/typenum-f9ec9c7af3818811/;build_script_main-f9ec9c7af3818811.build_script_main.b4e19dda-cgu.11.rcgu.o;
debug/build/typenum-f9ec9c7af3818811/;build_script_main-f9ec9c7af3818811.build_script_main.b4e19dda-cgu.10.rcgu.o;
debug/build/typenum-f9ec9c7af3818811/;build_script_main-f9ec9c7af3818811.build_script_main.b4e19dda-cgu.0.rcgu.o;
debug/build/typenum-f9ec9c7af3818811/;build_script_main-f9ec9c7af3818811.28mio79ekbxkf64u.rcgu.o;
debug/build/typenum-f9ec9c7af3818811/;build-script-main;
debug/build/typenum-ef26e6608003a101/;root-output;
debug/build/typenum-ef26e6608003a101/;output;
debug/build/typenum-ef26e6608003a101/out/;op.rs;
debug/build/typenum-ef26e6608003a101/out/;consts.rs;
debug/build/num-traits-8cd33497cc776963/;build_script_build-8cd33497cc776963.vzamnpvt5g8oiwt.rcgu.o;
debug/build/num-traits-8cd33497cc776963/;build_script_build-8cd33497cc776963.d;
debug/build/num-traits-8cd33497cc776963/;build_script_build-8cd33497cc776963.build_script_build.291107b5-cgu.5.rcgu.o;
debug/build/num-traits-8cd33497cc776963/;build_script_build-8cd33497cc776963.build_script_build.291107b5-cgu.4.rcgu.o;
debug/build/num-traits-8cd33497cc776963/;build_script_build-8cd33497cc776963.build_script_build.291107b5-cgu.3.rcgu.o;
debug/build/num-traits-8cd33497cc776963/;build_script_build-8cd33497cc776963.build_script_build.291107b5-cgu.2.rcgu.o;
debug/build/num-traits-8cd33497cc776963/;build_script_build-8cd33497cc776963.build_script_build.291107b5-cgu.1.rcgu.o;
debug/build/num-traits-8cd33497cc776963/;build_script_build-8cd33497cc776963.build_script_build.291107b5-cgu.0.rcgu.o;
debug/build/num-traits-8cd33497cc776963/;build-script-build;
debug/build/num-traits-42d58891e87b235a/;root-output;
debug/build/num-traits-42d58891e87b235a/;output;
debug/build/num-traits-42d58891e87b235a/out/;probe7.probe7.c328d856-cgu.0.rcgu.ll;
debug/build/num-traits-42d58891e87b235a/out/;probe6.probe6.6ce11eb0-cgu.0.rcgu.ll;
debug/build/num-traits-42d58891e87b235a/out/;probe5.probe5.3f42ee95-cgu.0.rcgu.ll;
debug/build/num-traits-42d58891e87b235a/out/;probe4.probe4.b32371da-cgu.0.rcgu.ll;
debug/build/num-traits-42d58891e87b235a/out/;probe3.probe3.1683db09-cgu.0.rcgu.ll;
debug/build/num-traits-42d58891e87b235a/out/;probe2.probe2.e263cd4d-cgu.0.rcgu.ll;
debug/build/num-traits-42d58891e87b235a/out/;probe1.probe1.5dfbba22-cgu.0.rcgu.ll;
debug/build/num-traits-42d58891e87b235a/out/;probe0.probe0.6a5832b4-cgu.0.rcgu.ll;
debug/build/libc-6dd9219a35804ddf/;build_script_build-6dd9219a35804ddf.d;
debug/build/libc-6dd9219a35804ddf/;build_script_build-6dd9219a35804ddf.build_script_build.af36b483-cgu.9.rcgu.o;
debug/build/libc-6dd9219a35804ddf/;build_script_build-6dd9219a35804ddf.build_script_build.af36b483-cgu.8.rcgu.o;
debug/build/libc-6dd9219a35804ddf/;build_script_build-6dd9219a35804ddf.build_script_build.af36b483-cgu.7.rcgu.o;
debug/build/libc-6dd9219a35804ddf/;build_script_build-6dd9219a35804ddf.build_script_build.af36b483-cgu.6.rcgu.o;
debug/build/libc-6dd9219a35804ddf/;build_script_build-6dd9219a35804ddf.build_script_build.af36b483-cgu.5.rcgu.o;
debug/build/libc-6dd9219a35804ddf/;build_script_build-6dd9219a35804ddf.build_script_build.af36b483-cgu.4.rcgu.o;
debug/build/libc-6dd9219a35804ddf/;build_script_build-6dd9219a35804ddf.build_script_build.af36b483-cgu.3.rcgu.o;
debug/build/libc-6dd9219a35804ddf/;build_script_build-6dd9219a35804ddf.build_script_build.af36b483-cgu.2.rcgu.o;
debug/build/libc-6dd9219a35804ddf/;build_script_build-6dd9219a35804ddf.build_script_build.af36b483-cgu.1.rcgu.o;
debug/build/libc-6dd9219a35804ddf/;build_script_build-6dd9219a35804ddf.build_script_build.af36b483-cgu.15.rcgu.o;
debug/build/libc-6dd9219a35804ddf/;build_script_build-6dd9219a35804ddf.build_script_build.af36b483-cgu.14.rcgu.o;
debug/build/libc-6dd9219a35804ddf/;build_script_build-6dd9219a35804ddf.build_script_build.af36b483-cgu.13.rcgu.o;
debug/build/libc-6dd9219a35804ddf/;build_script_build-6dd9219a35804ddf.build_script_build.af36b483-cgu.12.rcgu.o;
debug/build/libc-6dd9219a35804ddf/;build_script_build-6dd9219a35804ddf.build_script_build.af36b483-cgu.11.rcgu.o;
debug/build/libc-6dd9219a35804ddf/;build_script_build-6dd9219a35804ddf.build_script_build.af36b483-cgu.10.rcgu.o;
debug/build/libc-6dd9219a35804ddf/;build_script_build-6dd9219a35804ddf.build_script_build.af36b483-cgu.0.rcgu.o;
debug/build/libc-6dd9219a35804ddf/;build_script_build-6dd9219a35804ddf.2sm5odul20jxhif.rcgu.o;
debug/build/libc-6dd9219a35804ddf/;build-script-build;
debug/build/heapless-7870c647082055c8/;root-output;
debug/build/heapless-7870c647082055c8/;output;
debug/build/heapless-4e12b789c26b8117/;build_script_build-4e12b789c26b8117.d;
debug/build/heapless-4e12b789c26b8117/;build_script_build-4e12b789c26b8117.build_script_build.decb4a29-cgu.9.rcgu.o;
debug/build/heapless-4e12b789c26b8117/;build_script_build-4e12b789c26b8117.build_script_build.decb4a29-cgu.8.rcgu.o;
debug/build/heapless-4e12b789c26b8117/;build_script_build-4e12b789c26b8117.build_script_build.decb4a29-cgu.7.rcgu.o;
debug/build/heapless-4e12b789c26b8117/;build_script_build-4e12b789c26b8117.build_script_build.decb4a29-cgu.6.rcgu.o;
debug/build/heapless-4e12b789c26b8117/;build_script_build-4e12b789c26b8117.build_script_build.decb4a29-cgu.5.rcgu.o;
debug/build/heapless-4e12b789c26b8117/;build_script_build-4e12b789c26b8117.build_script_build.decb4a29-cgu.4.rcgu.o;
debug/build/heapless-4e12b789c26b8117/;build_script_build-4e12b789c26b8117.build_script_build.decb4a29-cgu.3.rcgu.o;
debug/build/heapless-4e12b789c26b8117/;build_script_build-4e12b789c26b8117.build_script_build.decb4a29-cgu.2.rcgu.o;
debug/build/heapless-4e12b789c26b8117/;build_script_build-4e12b789c26b8117.build_script_build.decb4a29-cgu.1.rcgu.o;
debug/build/heapless-4e12b789c26b8117/;build_script_build-4e12b789c26b8117.build_script_build.decb4a29-cgu.15.rcgu.o;
debug/build/heapless-4e12b789c26b8117/;build_script_build-4e12b789c26b8117.build_script_build.decb4a29-cgu.14.rcgu.o;
debug/build/heapless-4e12b789c26b8117/;build_script_build-4e12b789c26b8117.build_script_build.decb4a29-cgu.13.rcgu.o;
debug/build/heapless-4e12b789c26b8117/;build_script_build-4e12b789c26b8117.build_script_build.decb4a29-cgu.12.rcgu.o;
debug/build/heapless-4e12b789c26b8117/;build_script_build-4e12b789c26b8117.build_script_build.decb4a29-cgu.11.rcgu.o;
debug/build/heapless-4e12b789c26b8117/;build_script_build-4e12b789c26b8117.build_script_build.decb4a29-cgu.10.rcgu.o;
debug/build/heapless-4e12b789c26b8117/;build_script_build-4e12b789c26b8117.build_script_build.decb4a29-cgu.0.rcgu.o;
debug/build/heapless-4e12b789c26b8117/;build_script_build-4e12b789c26b8117.53bix732z9i0x6m9.rcgu.o;
debug/build/heapless-4e12b789c26b8117/;build-script-build;
debug/build/generic-array-668a7ce7bae39c10/;build_script_build-668a7ce7bae39c10.manoglrk53qc3b3.rcgu.o;
debug/build/generic-array-668a7ce7bae39c10/;build_script_build-668a7ce7bae39c10.d;
debug/build/generic-array-668a7ce7bae39c10/;build_script_build-668a7ce7bae39c10.build_script_build.e4a36491-cgu.5.rcgu.o;
debug/build/generic-array-668a7ce7bae39c10/;build_script_build-668a7ce7bae39c10.build_script_build.e4a36491-cgu.4.rcgu.o;
debug/build/generic-array-668a7ce7bae39c10/;build_script_build-668a7ce7bae39c10.build_script_build.e4a36491-cgu.3.rcgu.o;
debug/build/generic-array-668a7ce7bae39c10/;build_script_build-668a7ce7bae39c10.build_script_build.e4a36491-cgu.2.rcgu.o;
debug/build/generic-array-668a7ce7bae39c10/;build_script_build-668a7ce7bae39c10.build_script_build.e4a36491-cgu.1.rcgu.o;
debug/build/generic-array-668a7ce7bae39c10/;build_script_build-668a7ce7bae39c10.build_script_build.e4a36491-cgu.0.rcgu.o;
debug/build/generic-array-668a7ce7bae39c10/;build-script-build;
debug/build/generic-array-00a57d3ec28faa61/;root-output;
debug/build/generic-array-00a57d3ec28faa61/;output;
